Id,Name,Salary,Experience,Available,Details
1,Clarisse Hanhard,3600,3,False,Donec diam neque, vestibulum eget, vulputate ut, ultrices vel, augue.
3,Welch Minshaw,5400,6,True,
4,Pattie Jedrys,5000,6,True,Maecenas pulvinar lobortis est.
6,Kevan Kieff,4600,3,True,
7,Donn Francescoccio,4600,4,True,
8,Antonina Clowney,5400,7,True,
9,Katrina Stenbridge,3400,1,True,Vestibulum ac est lacinia nisi venenatis tristique.
11,Orazio Aymes,5000,6,True,Mauris lacinia sapien quis libero.
12,Brock Miebes,4600,3,True,
13,Rodrigo Pottle,4200,3,False,Duis aliquam convallis nunc.
14,Wat Giraudel,5000,5,False,
15,Piotr Aberchirder,3600,2,False,
16,Stillmann McKeevers,3200,0,False,Vestibulum ante ipsum primis in faucibus orci luctus et ultrices posuere cubilia Curae; Mauris viverra diam vitae quam. Suspendisse potenti.
17,Malorie Bennallck,5200,6,False,Ut at dolor quis odio consequat varius. Integer ac leo. Pellentesque ultrices mattis odio.
18,Wenona Follet,3800,1,True,Proin risus. Praesent lectus.
19,Domingo Dreher,4800,5,True,Vivamus tortor.
20,Jarrid Scarlet,3800,3,False,Morbi porttitor lorem id ligula. Suspendisse ornare consequat lectus.
21,Katherina Trevallion,3400,0,True,Morbi non quam nec dui luctus rutrum. Nulla tellus.
22,Ingram Ruddom,5200,5,False,
23,Kimmy Whetson,4400,3,True,Maecenas ut massa quis augue luctus tincidunt. Nulla mollis molestie lorem. Quisque ut erat.
24,Cordi Reynard,3800,2,False,
25,Valeda Klaessen,4200,4,False,
26,Rosalind Colls,4000,2,False,Vestibulum ante ipsum primis in faucibus orci luctus et ultrices posuere cubilia Curae; Nulla dapibus dolor vel est. Donec odio justo, sollicitudin ut, suscipit a, feugiat et, eros.
27,Lesley Gyorgy,4000,3,True,
28,Therese Brims,3800,2,True,Nunc nisl. Duis bibendum, felis sed interdum venenatis, turpis enim blandit mi, in porttitor pede justo eu massa.
29,Ronna McElwee,4200,4,True,Maecenas ut massa quis augue luctus tincidunt. Nulla mollis molestie lorem. Quisque ut erat.
30,Athene Kingsman,4000,3,False,
31,Glynn Cawthron,4600,4,False,Mauris ullamcorper purus sit amet nulla.
32,Dimitry Maudling,4800,5,False,Nullam sit amet turpis elementum ligula vehicula consequat.
33,Kittie Izacenko,4600,4,False,
34,Ferrel Klosser,4400,4,True,Cras pellentesque volutpat dui. Maecenas tristique, est et tempus semper, est quam pharetra magna, ac consequat metus sapien ut nunc. Vestibulum ante ipsum primis in faucibus orci luctus et ultrices posuere cubilia Curae; Mauris viverra diam vitae quam.
35,Kessiah Newey,4600,5,False,Morbi ut odio. Cras mi pede, malesuada in, imperdiet et, commodo vulputate, justo. In blandit ultrices enim.
36,Colline Daintree,4600,3,True,
37,Germain Risby,4800,5,True,Vivamus vel nulla eget eros elementum pellentesque.
38,Granthem Petch,4600,4,True,Vivamus vestibulum sagittis sapien. Cum sociis natoque penatibus et magnis dis parturient montes, nascetur ridiculus mus.
39,Meir Warin,4600,4,False,Praesent blandit. Nam nulla. Integer pede justo, lacinia eget, tincidunt eget, tempus vel, pede.
40,Bertha Sackes,4200,4,True,Nam nulla.
41,Abbie Fantonetti,4600,4,True,
42,Janie Linke,4600,5,False,Pellentesque eget nunc.
43,Levey Stutt,3400,0,True,
44,Garry Calafato,3800,2,True,Integer tincidunt ante vel ipsum. Praesent blandit lacinia erat. Vestibulum sed magna at nunc commodo placerat.
45,Kristos Philp,3800,1,False,Suspendisse potenti.
46,Malanie Scannell,3800,3,True,
47,Roslyn Lightewood,4600,3,True,
48,Orsola Fearfull,4200,3,False,Curabitur at ipsum ac tellus semper interdum. Mauris ullamcorper purus sit amet nulla. Quisque arcu libero, rutrum ac, lobortis vel, dapibus at, diam.
49,Darcy Klicher,4400,3,True,Praesent lectus.
50,Licha Vigneron,5400,6,True,Morbi sem mauris, laoreet ut, rhoncus aliquet, pulvinar sed, nisl.
51,Florentia Southerns,4200,3,True,Duis bibendum. Morbi non quam nec dui luctus rutrum.
52,Cash Melmoth,4400,4,False,Curabitur in libero ut massa volutpat convallis. Morbi odio odio, elementum eu, interdum eu, tincidunt in, leo.
53,Valene Bruty,3400,0,True,
54,Kelvin Drover,4000,2,False,Integer pede justo, lacinia eget, tincidunt eget, tempus vel, pede. Morbi porttitor lorem id ligula. Suspendisse ornare consequat lectus.
55,Georgeanne Snodden,4600,5,True,Mauris sit amet eros. Suspendisse accumsan tortor quis turpis.
56,Kenneth Hardwich,4200,4,True,
57,Ezmeralda Heskins,4400,4,False,
58,Dimitry Bettanay,4200,2,True,Duis aliquam convallis nunc. Proin at turpis a pede posuere nonummy.
59,Theressa Warmisham,3800,2,True,
60,Jennica Onthank,3200,0,False,
61,Armin Stickells,3400,1,True,Vestibulum quam sapien, varius ut, blandit non, interdum in, ante. Vestibulum ante ipsum primis in faucibus orci luctus et ultrices posuere cubilia Curae; Duis faucibus accumsan odio. Curabitur convallis.
62,Annie Ambrosetti,5800,8,True,
63,Leif Beckhurst,4200,3,False,Lorem ipsum dolor sit amet, consectetuer adipiscing elit.
64,Harrison Kivlin,5400,7,False,
65,Teirtza Frankiss,5000,6,True,
66,Howey Winslade,4400,3,True,Nam nulla. Integer pede justo, lacinia eget, tincidunt eget, tempus vel, pede.
67,Inigo Bortolozzi,3800,1,False,
68,Cassaundra Vasiliu,3400,1,False,
69,Ky Bricknall,4200,3,False,Quisque erat eros, viverra eget, congue eget, semper rutrum, nulla. Nunc purus.
70,Ema Jizhaki,4800,4,False,
71,Bonni Fannon,4000,2,True,
72,Terry Moye,3800,1,True,Duis ac nibh.
73,Evyn Dotson,4400,3,True,Vivamus metus arcu, adipiscing molestie, hendrerit at, vulputate vitae, nisl. Aenean lectus.
74,Myrilla Hatchette,4400,4,True,Nullam porttitor lacus at turpis. Donec posuere metus vitae ipsum. Aliquam non mauris.
75,Didi De Michele,4600,4,True,Aliquam erat volutpat. In congue. Etiam justo.
76,Kittie Odger,4400,4,False,Duis mattis egestas metus. Aenean fermentum.
77,Glynis Rathke,3600,1,True,Morbi odio odio, elementum eu, interdum eu, tincidunt in, leo. Maecenas pulvinar lobortis est. Phasellus sit amet erat.
78,Vaughn Grindell,3200,0,True,Proin leo odio, porttitor id, consequat in, consequat ut, nulla.
79,Hamil Mealing,3200,0,True,Nulla mollis molestie lorem. Quisque ut erat. Curabitur gravida nisi at nibh.
80,Andrus Ferrari,4600,4,False,Nullam molestie nibh in lectus. Pellentesque at nulla. Suspendisse potenti.
81,Bordie Clemo,4800,5,False,Proin leo odio, porttitor id, consequat in, consequat ut, nulla. Sed accumsan felis.
82,Sabra Pottes,3400,1,True,In quis justo. Maecenas rhoncus aliquam lacus. Morbi quis tortor id nulla ultrices aliquet.
83,Nahum Agronski,3400,1,True,Aenean sit amet justo.
84,Kyle Mizzi,4600,3,True,
85,Donnajean Semaine,4200,3,True,
86,Charlean Folke,3800,2,True,Mauris sit amet eros. Suspendisse accumsan tortor quis turpis. Sed ante.
87,Brnaby Anderson,6200,8,True,Cum sociis natoque penatibus et magnis dis parturient montes, nascetur ridiculus mus. Vivamus vestibulum sagittis sapien.
88,Austin Seakin,3600,1,False,Nullam molestie nibh in lectus. Pellentesque at nulla.
89,Dallis Mulqueeny,3400,0,False,Vestibulum quam sapien, varius ut, blandit non, interdum in, ante.
90,Giuditta Castiglione,4600,4,True,Nulla suscipit ligula in lacus. Curabitur at ipsum ac tellus semper interdum. Mauris ullamcorper purus sit amet nulla.
91,Peta Louca,5000,6,True,Sed accumsan felis. Ut at dolor quis odio consequat varius. Integer ac leo.
92,Zaccaria Linsley,4200,4,False,Pellentesque at nulla. Suspendisse potenti.
93,Marsiella Boodle,4600,5,True,Vivamus vel nulla eget eros elementum pellentesque. Quisque porta volutpat erat. Quisque erat eros, viverra eget, congue eget, semper rutrum, nulla.
94,Winslow Sorrie,4200,3,True,
95,Marylee Doy,3400,0,False,
96,Hollis Cammidge,4000,2,False,
97,Jammie Handes,3400,1,False,
98,Fernanda Spencook,4600,5,False,
99,Erma Ebhardt,4800,5,True,Sed sagittis. Nam congue, risus semper porta volutpat, quam pede lobortis ligula, sit amet eleifend pede libero quis orci. Nullam molestie nibh in lectus.
100,Corbie Velareal,3400,0,False,
101,Kalie Tillyer,3600,1,False,Integer pede justo, lacinia eget, tincidunt eget, tempus vel, pede. Morbi porttitor lorem id ligula.
102,Herbert Chalfain,4200,3,False,
103,Tremayne Burdoun,4800,5,True,Praesent blandit. Nam nulla. Integer pede justo, lacinia eget, tincidunt eget, tempus vel, pede.
104,Olva Baythrop,4600,4,False,Proin interdum mauris non ligula pellentesque ultrices.
105,Darcy Caven,4000,3,True,Proin at turpis a pede posuere nonummy. Integer non velit. Donec diam neque, vestibulum eget, vulputate ut, ultrices vel, augue.
106,Zia Hawken,3400,1,True,Vestibulum ante ipsum primis in faucibus orci luctus et ultrices posuere cubilia Curae; Donec pharetra, magna vestibulum aliquet ultrices, erat tortor sollicitudin mi, sit amet lobortis sapien sapien non mi. Integer ac neque. Duis bibendum.
107,Herbert Gorke,3600,1,True,
108,Glynda Christol,4800,5,True,
109,Deanna Cosford,4000,3,True,
110,Goldia Bucktharp,4000,3,False,Integer tincidunt ante vel ipsum.
111,Reilly Ledes,4200,4,True,Morbi vestibulum, velit id pretium iaculis, diam erat fermentum justo, nec condimentum neque sapien placerat ante. Nulla justo.
112,Rosalie Brosini,4400,3,True,Aliquam augue quam, sollicitudin vitae, consectetuer eget, rutrum at, lorem. Integer tincidunt ante vel ipsum. Praesent blandit lacinia erat.
113,Robinia Orrell,4600,5,True,
114,Karry Raubenheimer,4600,4,True,Fusce lacus purus, aliquet at, feugiat non, pretium quis, lectus.
115,Dave Codner,4000,2,True,Morbi ut odio.
116,Inge Hawkshaw,3600,1,True,
117,Elfie Bester,4800,4,True,
118,Misty O'Hern,4400,3,False,Suspendisse accumsan tortor quis turpis.
119,Marcelline Kennan,3800,2,False,Aenean lectus. Pellentesque eget nunc.
120,Colman Segebrecht,4600,4,False,Nulla tempus. Vivamus in felis eu sapien cursus vestibulum. Proin eu mi.
121,Antoni Lerer,4600,5,True,
122,Guglielma Megahey,3400,0,True,
123,Emmalynn Waterhouse,4800,5,True,Praesent blandit lacinia erat. Vestibulum sed magna at nunc commodo placerat.
124,Evangelia Woodroofe,4000,2,False,
125,Obed Bartolomucci,3400,0,False,Integer ac leo.
126,Di Sewill,4600,4,False,Nulla ut erat id mauris vulputate elementum. Nullam varius. Nulla facilisi.
127,Damien Cowpertwait,5000,5,True,Morbi sem mauris, laoreet ut, rhoncus aliquet, pulvinar sed, nisl.
128,Kenon Dignam,4200,3,False,Praesent lectus.
129,Nehemiah Mordy,3800,2,True,
130,Ermina Heberden,3800,3,True,Donec vitae nisi. Nam ultrices, libero non mattis pulvinar, nulla pede ullamcorper augue, a suscipit nulla elit ac nulla.
131,Martynne Portwaine,4600,4,True,Nulla facilisi. Cras non velit nec nisi vulputate nonummy. Maecenas tincidunt lacus at velit.
132,Sandie Ricoald,5000,6,False,Duis at velit eu est congue elementum.
133,Reagen Aleksankin,4200,3,False,Suspendisse potenti. Cras in purus eu magna vulputate luctus. Cum sociis natoque penatibus et magnis dis parturient montes, nascetur ridiculus mus.
134,Lonee Poynzer,4600,5,True,Morbi non lectus.
135,Bobby Seyfart,3400,1,True,Ut at dolor quis odio consequat varius.
136,Mickie Sheals,5200,6,True,Nullam orci pede, venenatis non, sodales sed, tincidunt eu, felis. Fusce posuere felis sed lacus.
137,Grenville Suett,3800,2,True,Nulla tempus. Vivamus in felis eu sapien cursus vestibulum.
138,Renard Andriveaux,4200,3,False,
139,Gianina Mylan,5000,5,False,
140,Willette Ovell,3400,0,True,
141,Eileen McIlhagga,4200,2,True,Vestibulum ante ipsum primis in faucibus orci luctus et ultrices posuere cubilia Curae; Nulla dapibus dolor vel est. Donec odio justo, sollicitudin ut, suscipit a, feugiat et, eros. Vestibulum ac est lacinia nisi venenatis tristique.
142,Wenda Hanshaw,3800,2,True,Aenean auctor gravida sem.
143,Kenna Callaway,3600,1,False,Morbi non lectus.
144,Carny Joret,4200,4,False,
145,Heath Yard,4000,3,True,Curabitur in libero ut massa volutpat convallis. Morbi odio odio, elementum eu, interdum eu, tincidunt in, leo. Maecenas pulvinar lobortis est.
146,Thatch Heigho,3400,1,False,
147,Kathy Dalgarnocht,4200,3,False,
148,Bertie Carloni,5800,8,True,
149,Bonny Madner,5000,5,True,Donec ut dolor. Morbi vel lectus in quam fringilla rhoncus.
150,Abby Jurgensen,4600,4,False,Donec semper sapien a libero.
151,Aeriela Kitchiner,3800,3,False,In congue. Etiam justo. Etiam pretium iaculis justo.
152,Heddie Rosas,4600,4,True,Proin leo odio, porttitor id, consequat in, consequat ut, nulla.
153,Maud Brandsen,4600,4,False,In est risus, auctor sed, tristique in, tempus sit amet, sem. Fusce consequat. Nulla nisl.
154,Etan Wortley,5000,6,True,In congue.
155,Adler de Voiels,4200,3,True,Vivamus in felis eu sapien cursus vestibulum. Proin eu mi. Nulla ac enim.
156,Ysabel Pestricke,4000,3,True,Etiam pretium iaculis justo.
157,Teddie Brett,4200,3,False,Mauris lacinia sapien quis libero. Nullam sit amet turpis elementum ligula vehicula consequat. Morbi a ipsum.
158,Lindsay Joslyn,4400,4,True,
159,Mavra Sofe,3800,1,False,Duis bibendum.
160,Shaun Hamblett,3600,1,False,
161,Rina Tomsa,3800,1,True,
162,Clayborne Jean,4600,4,False,Etiam pretium iaculis justo.
163,Bendicty Le Marquand,4600,4,False,Nulla facilisi. Cras non velit nec nisi vulputate nonummy. Maecenas tincidunt lacus at velit.
164,Evin Pearsall,4400,4,True,Aliquam non mauris. Morbi non lectus.
165,Gerhard Tuttiett,4800,5,False,
166,Drusy Jandak,4600,5,True,
167,Caspar Ricardou,5200,6,True,Vestibulum ante ipsum primis in faucibus orci luctus et ultrices posuere cubilia Curae; Nulla dapibus dolor vel est.
168,Pinchas Di Francesco,4200,3,False,Integer tincidunt ante vel ipsum. Praesent blandit lacinia erat. Vestibulum sed magna at nunc commodo placerat.
169,Kristofor Cockton,3600,1,True,Morbi non quam nec dui luctus rutrum. Nulla tellus. In sagittis dui vel nisl.
170,Mary Kerwen,4400,4,True,Vivamus metus arcu, adipiscing molestie, hendrerit at, vulputate vitae, nisl. Aenean lectus.
171,Helen McWilliam,3400,1,True,In eleifend quam a odio.
172,Shell Belfelt,3600,2,False,
173,Mordecai Lippingwell,3600,2,True,Duis at velit eu est congue elementum.
174,Norry Medland,4000,3,True,Nulla tellus.
175,Dael Sexton,3400,1,False,Nunc rhoncus dui vel sem. Sed sagittis. Nam congue, risus semper porta volutpat, quam pede lobortis ligula, sit amet eleifend pede libero quis orci.
176,Farlie Kittel,3400,1,True,Nunc purus. Phasellus in felis.
177,Justen Hauch,5200,6,False,Sed ante. Vivamus tortor. Duis mattis egestas metus.
178,Wynnie Hintzer,4400,4,False,Vivamus tortor. Duis mattis egestas metus. Aenean fermentum.
179,Catharina Aaronsohn,5600,6,False,
180,Lizzie Comazzo,4000,3,False,
181,Chandra Bowyer,5000,4,False,Phasellus id sapien in sapien iaculis congue. Vivamus metus arcu, adipiscing molestie, hendrerit at, vulputate vitae, nisl. Aenean lectus.
182,Gerard Luckwell,5400,6,False,
183,Malinde Coombs,4600,4,False,Nulla mollis molestie lorem. Quisque ut erat. Curabitur gravida nisi at nibh.
184,Peggy Hoyle,4400,4,False,
185,Gayel Dobinson,3400,1,True,Duis aliquam convallis nunc.
186,Harwilll Southcott,3800,2,True,Fusce posuere felis sed lacus. Morbi sem mauris, laoreet ut, rhoncus aliquet, pulvinar sed, nisl.
187,Leigh Le Pine,3600,1,False,Cras in purus eu magna vulputate luctus. Cum sociis natoque penatibus et magnis dis parturient montes, nascetur ridiculus mus. Vivamus vestibulum sagittis sapien.
188,Susan Clempton,4000,2,False,
189,Chloris Littleton,4200,3,True,
190,Flem Oley,3200,0,False,Integer a nibh. In quis justo.
191,Caritta Laval,4600,3,False,Nunc purus. Phasellus in felis.
192,Bruce MacCague,4600,4,False,In est risus, auctor sed, tristique in, tempus sit amet, sem. Fusce consequat.
193,Granville Helstrom,4600,4,True,Nam dui. Proin leo odio, porttitor id, consequat in, consequat ut, nulla.
194,Joe Teare,3800,2,True,Duis bibendum, felis sed interdum venenatis, turpis enim blandit mi, in porttitor pede justo eu massa. Donec dapibus. Duis at velit eu est congue elementum.
195,Morgan Ilyas,5000,6,False,Proin leo odio, porttitor id, consequat in, consequat ut, nulla. Sed accumsan felis. Ut at dolor quis odio consequat varius.
196,Ike Ewins,4600,3,True,Mauris ullamcorper purus sit amet nulla. Quisque arcu libero, rutrum ac, lobortis vel, dapibus at, diam.
197,Maddy Benkhe,5000,6,True,Mauris sit amet eros. Suspendisse accumsan tortor quis turpis.
198,Jillie Melesk,3400,1,False,
199,Roseanna Maultby,3400,1,False,
200,Mirella Coarser,4200,2,True,Nam dui. Proin leo odio, porttitor id, consequat in, consequat ut, nulla. Sed accumsan felis.
201,Tonya Slafford,3800,2,True,Integer pede justo, lacinia eget, tincidunt eget, tempus vel, pede.
202,Ive Bloodworthe,4200,3,False,
203,Dilly Ber,5000,6,True,Integer non velit.
204,Almira Boardman,4200,4,False,In blandit ultrices enim. Lorem ipsum dolor sit amet, consectetuer adipiscing elit. Proin interdum mauris non ligula pellentesque ultrices.
205,Robbyn Ramstead,4200,2,False,In hac habitasse platea dictumst. Etiam faucibus cursus urna. Ut tellus.
206,Reider Gionettitti,5000,6,True,
207,Jonas Blundan,4200,2,False,Nulla ac enim.
208,Marika Cornehl,3400,1,True,
209,Masha Nardoni,4200,2,False,Quisque erat eros, viverra eget, congue eget, semper rutrum, nulla. Nunc purus.
210,Blisse Cowx,3400,0,False,
211,Selle Rackstraw,3400,0,False,
212,Rebekah Munt,3800,2,False,Donec ut dolor. Morbi vel lectus in quam fringilla rhoncus. Mauris enim leo, rhoncus sed, vestibulum sit amet, cursus id, turpis.
213,Dolorita Leades,3800,1,True,Nulla justo.
214,Jada Doncom,4600,5,False,
215,Delores Ruzek,4000,2,True,
216,Normie Ormerod,5400,6,True,Suspendisse ornare consequat lectus.
217,Bastien Dumbare,3800,2,False,Aliquam erat volutpat. In congue. Etiam justo.
218,Oates Harrower,4200,3,True,
219,Maressa Tullot,5000,6,True,Praesent lectus.
220,Innis Tremayle,3200,0,True,Mauris sit amet eros. Suspendisse accumsan tortor quis turpis.
221,Ulrika Ragbourn,3800,2,False,Cras non velit nec nisi vulputate nonummy.
222,Ric Whittall,4200,3,False,Aliquam augue quam, sollicitudin vitae, consectetuer eget, rutrum at, lorem. Integer tincidunt ante vel ipsum.
223,William Shotboulte,4200,3,False,Morbi sem mauris, laoreet ut, rhoncus aliquet, pulvinar sed, nisl. Nunc rhoncus dui vel sem. Sed sagittis.
224,Gerrilee Essberger,3800,1,False,Morbi quis tortor id nulla ultrices aliquet.
225,Laverne Firth,5200,6,True,
226,Andy Djordjevic,3800,1,False,Nulla tempus.
227,Quillan Moro,4200,3,True,
228,Welby Gorring,5000,5,False,Donec diam neque, vestibulum eget, vulputate ut, ultrices vel, augue. Vestibulum ante ipsum primis in faucibus orci luctus et ultrices posuere cubilia Curae; Donec pharetra, magna vestibulum aliquet ultrices, erat tortor sollicitudin mi, sit amet lobortis sapien sapien non mi. Integer ac neque.
229,Waring Coggings,4200,2,True,Morbi odio odio, elementum eu, interdum eu, tincidunt in, leo. Maecenas pulvinar lobortis est.
230,Reade Normanvell,4200,3,True,Ut at dolor quis odio consequat varius.
231,Marcelia Garard,3600,1,True,
232,Spenser Duester,4200,4,False,Vivamus vestibulum sagittis sapien. Cum sociis natoque penatibus et magnis dis parturient montes, nascetur ridiculus mus.
233,Carole MacBain,4600,5,True,In est risus, auctor sed, tristique in, tempus sit amet, sem. Fusce consequat. Nulla nisl.
234,Allie Levinge,3800,2,True,
235,Brew Harsum,4600,4,True,Pellentesque viverra pede ac diam. Cras pellentesque volutpat dui. Maecenas tristique, est et tempus semper, est quam pharetra magna, ac consequat metus sapien ut nunc.
236,Gaven Wolfit,4800,4,False,Vestibulum rutrum rutrum neque. Aenean auctor gravida sem. Praesent id massa id nisl venenatis lacinia.
237,Orren Rough,4200,2,True,
238,Ellis Popham,4400,3,False,Integer pede justo, lacinia eget, tincidunt eget, tempus vel, pede. Morbi porttitor lorem id ligula. Suspendisse ornare consequat lectus.
239,Holly Ellerey,4200,3,False,Maecenas ut massa quis augue luctus tincidunt.
240,Buckie Dell,4000,2,False,Aenean sit amet justo. Morbi ut odio.
241,Cristine Callear,5000,6,False,
242,Otha Duny,3800,2,True,Donec odio justo, sollicitudin ut, suscipit a, feugiat et, eros.
243,Philippe Dakin,4200,4,False,Morbi sem mauris, laoreet ut, rhoncus aliquet, pulvinar sed, nisl. Nunc rhoncus dui vel sem.
244,Inessa Tarborn,4600,5,False,Ut at dolor quis odio consequat varius. Integer ac leo.
245,Tyler Hance,3600,2,False,Morbi non quam nec dui luctus rutrum.
246,Doralia Wiggington,3800,3,True,Suspendisse accumsan tortor quis turpis.
247,Myron Klee,4600,5,True,Nulla suscipit ligula in lacus. Curabitur at ipsum ac tellus semper interdum.
248,Allene Shortcliffe,4400,4,False,In congue.
249,Brockie Wilsher,4600,4,False,Integer non velit.
250,Arlen Demke,3400,1,True,Quisque id justo sit amet sapien dignissim vestibulum. Vestibulum ante ipsum primis in faucibus orci luctus et ultrices posuere cubilia Curae; Nulla dapibus dolor vel est. Donec odio justo, sollicitudin ut, suscipit a, feugiat et, eros.
251,Carey Pickthorn,3200,0,True,
252,Joshuah Ellins,4600,5,True,
253,Charis Stobbe,3200,0,False,
254,Terencio Romera,4200,3,False,Cras in purus eu magna vulputate luctus. Cum sociis natoque penatibus et magnis dis parturient montes, nascetur ridiculus mus.
255,Daphne Selbach,3400,1,False,
256,Frieda Fitzroy,5000,4,True,Vestibulum rutrum rutrum neque.
257,Beryle Vogel,4400,3,True,
258,Alonzo Lukins,3800,1,True,Mauris enim leo, rhoncus sed, vestibulum sit amet, cursus id, turpis. Integer aliquet, massa id lobortis convallis, tortor risus dapibus augue, vel accumsan tellus nisi eu orci. Mauris lacinia sapien quis libero.
259,Mohandis Nockles,5000,4,False,Etiam pretium iaculis justo. In hac habitasse platea dictumst.
260,Stefan McCloughlin,4600,5,True,Vestibulum rutrum rutrum neque.
261,Thoma Bradd,5600,7,True,Etiam faucibus cursus urna. Ut tellus.
262,Dorolice Strethill,3600,1,False,
263,Debbi Rowlstone,5000,5,False,
264,Gibby Ogborn,3200,0,True,Aliquam augue quam, sollicitudin vitae, consectetuer eget, rutrum at, lorem. Integer tincidunt ante vel ipsum.
265,Gabie Jekel,5000,6,False,
266,Valaria Granham,5000,5,True,Quisque ut erat.
267,Regina Coyle,4400,3,False,Quisque porta volutpat erat.
268,Doreen McLukie,3800,2,False,
269,Goober Cowup,3800,2,True,Suspendisse ornare consequat lectus. In est risus, auctor sed, tristique in, tempus sit amet, sem. Fusce consequat.
270,Dael Coysh,3800,2,False,
271,Armstrong Colliss,3800,1,True,Proin eu mi.
272,Tonya Render,4200,2,False,Aenean sit amet justo.
273,Jedd Marklew,5000,6,True,
274,Domingo Savil,3400,0,True,Fusce lacus purus, aliquet at, feugiat non, pretium quis, lectus. Suspendisse potenti. In eleifend quam a odio.
275,Amelita Lyford,3800,2,True,Etiam justo. Etiam pretium iaculis justo.
276,Inesita Bothram,3600,2,True,Etiam pretium iaculis justo. In hac habitasse platea dictumst. Etiam faucibus cursus urna.
277,Mozelle Burril,4200,4,True,Maecenas rhoncus aliquam lacus. Morbi quis tortor id nulla ultrices aliquet.
278,Dorry Penson,3800,1,False,Fusce congue, diam id ornare imperdiet, sapien urna pretium nisl, ut volutpat sapien arcu sed augue. Aliquam erat volutpat. In congue.
279,Michell Rousby,6000,8,True,Etiam vel augue. Vestibulum rutrum rutrum neque.
280,Dur Roake,4400,3,True,
281,Warren Pargiter,3800,2,True,Proin eu mi. Nulla ac enim. In tempor, turpis nec euismod scelerisque, quam turpis adipiscing lorem, vitae mattis nibh ligula nec sem.
282,Nola Whitnall,4200,2,True,Nulla mollis molestie lorem. Quisque ut erat.
283,Rustie Adamczewski,3400,1,False,Cras mi pede, malesuada in, imperdiet et, commodo vulputate, justo. In blandit ultrices enim.
284,Thor Eborn,5400,7,True,Cras in purus eu magna vulputate luctus.
285,Kali Wyley,4200,3,True,
286,Michel Prando,4000,2,False,Quisque ut erat. Curabitur gravida nisi at nibh. In hac habitasse platea dictumst.
287,Eleonore Brumhead,4000,3,False,
288,Con Hedditch,4200,3,False,Aliquam sit amet diam in magna bibendum imperdiet.
289,Arleyne Ivers,4000,3,False,
290,Warren Liddell,4200,3,False,
291,Ansell Tuxsell,4000,3,False,Lorem ipsum dolor sit amet, consectetuer adipiscing elit.
292,Linus Pacher,4000,2,True,Cras in purus eu magna vulputate luctus.
293,Eleen Dorling,4200,3,False,
294,Nata Mighele,4600,4,True,
295,Jermaine Newitt,4200,3,False,
296,Matty Battams,3800,2,False,
297,Tresa Devlin,4200,3,True,Praesent blandit. Nam nulla. Integer pede justo, lacinia eget, tincidunt eget, tempus vel, pede.
298,Agretha Shatliffe,5000,6,True,Suspendisse potenti.
299,Farly Cumbridge,4000,3,False,In tempor, turpis nec euismod scelerisque, quam turpis adipiscing lorem, vitae mattis nibh ligula nec sem.
300,Stern Hamlyn,3800,2,True,Nulla tellus.
301,Renell Horsey,5000,6,False,Duis ac nibh. Fusce lacus purus, aliquet at, feugiat non, pretium quis, lectus.
302,Collen Matejic,4800,5,False,Morbi ut odio. Cras mi pede, malesuada in, imperdiet et, commodo vulputate, justo. In blandit ultrices enim.
303,Westbrook Coetzee,3800,3,False,
304,Vernice Dunford,3800,1,True,
305,Stuart Lednor,3400,0,True,Nullam molestie nibh in lectus. Pellentesque at nulla.
306,Brinn Tott,4200,3,False,
307,Keane Hartill,5400,7,True,Donec diam neque, vestibulum eget, vulputate ut, ultrices vel, augue. Vestibulum ante ipsum primis in faucibus orci luctus et ultrices posuere cubilia Curae; Donec pharetra, magna vestibulum aliquet ultrices, erat tortor sollicitudin mi, sit amet lobortis sapien sapien non mi.
308,Cordi Hens,3200,0,True,Lorem ipsum dolor sit amet, consectetuer adipiscing elit.
309,Celestine Mincini,4800,4,False,
310,Beverly Chipping,4800,5,True,Fusce consequat.
311,Phelia Tafani,4200,3,False,
312,Rosamund Cavanaugh,3200,0,False,Donec diam neque, vestibulum eget, vulputate ut, ultrices vel, augue. Vestibulum ante ipsum primis in faucibus orci luctus et ultrices posuere cubilia Curae; Donec pharetra, magna vestibulum aliquet ultrices, erat tortor sollicitudin mi, sit amet lobortis sapien sapien non mi.
313,Hesther McCarrell,4800,4,False,Vivamus metus arcu, adipiscing molestie, hendrerit at, vulputate vitae, nisl. Aenean lectus.
314,Guglielma Merman,4400,4,False,Maecenas leo odio, condimentum id, luctus nec, molestie sed, justo. Pellentesque viverra pede ac diam. Cras pellentesque volutpat dui.
315,Eba Lowman,3200,0,False,
316,Arlana Connors,4600,5,True,Aliquam non mauris. Morbi non lectus.
317,Tobin Hightown,4400,4,True,Nam congue, risus semper porta volutpat, quam pede lobortis ligula, sit amet eleifend pede libero quis orci. Nullam molestie nibh in lectus.
318,Elene Dumphy,4000,3,False,Donec dapibus.
319,Elias Yokley,4400,3,True,Praesent id massa id nisl venenatis lacinia.
320,Martguerita O'Mara,5000,5,False,Donec posuere metus vitae ipsum. Aliquam non mauris.
321,Bride Snookes,5600,7,True,
322,Hiram Radish,4200,3,False,Integer non velit. Donec diam neque, vestibulum eget, vulputate ut, ultrices vel, augue. Vestibulum ante ipsum primis in faucibus orci luctus et ultrices posuere cubilia Curae; Donec pharetra, magna vestibulum aliquet ultrices, erat tortor sollicitudin mi, sit amet lobortis sapien sapien non mi.
323,Deena Berrick,4000,3,False,Maecenas tincidunt lacus at velit.
324,Merline Dyson,3800,2,True,Duis consequat dui nec nisi volutpat eleifend. Donec ut dolor.
325,Deerdre McClosh,3600,1,False,
326,Dorian Kynvin,5400,7,False,Nullam orci pede, venenatis non, sodales sed, tincidunt eu, felis.
327,Barnabe Sowood,4200,2,False,
328,Jacquelyn Proffitt,3800,2,True,
329,Althea Wilstead,4200,3,True,Quisque id justo sit amet sapien dignissim vestibulum. Vestibulum ante ipsum primis in faucibus orci luctus et ultrices posuere cubilia Curae; Nulla dapibus dolor vel est.
330,Gherardo Newell,4400,4,True,Morbi vestibulum, velit id pretium iaculis, diam erat fermentum justo, nec condimentum neque sapien placerat ante.
331,Estelle Jessen,5000,5,False,Vestibulum ante ipsum primis in faucibus orci luctus et ultrices posuere cubilia Curae; Duis faucibus accumsan odio. Curabitur convallis. Duis consequat dui nec nisi volutpat eleifend.
332,Vaughn Paeckmeyer,3400,0,True,Nam nulla. Integer pede justo, lacinia eget, tincidunt eget, tempus vel, pede.
333,Samaria Kyme,3600,1,False,Integer pede justo, lacinia eget, tincidunt eget, tempus vel, pede. Morbi porttitor lorem id ligula. Suspendisse ornare consequat lectus.
334,Arney O'Donegan,3400,0,False,Duis mattis egestas metus. Aenean fermentum. Donec ut mauris eget massa tempor convallis.
335,Tabatha Matteini,5000,6,False,Pellentesque viverra pede ac diam.
336,Rozalie Rubie,5000,6,False,In congue. Etiam justo.
337,Cristal Lorenzetti,4600,4,False,Suspendisse potenti.
338,Carey Hoff,3800,1,True,
339,Omar Seabrocke,4200,4,False,
340,Mirilla Houseago,5400,7,False,
341,Gilberto Malster,5800,7,False,
342,Lotty Heard,3400,1,True,Morbi vestibulum, velit id pretium iaculis, diam erat fermentum justo, nec condimentum neque sapien placerat ante. Nulla justo. Aliquam quis turpis eget elit sodales scelerisque.
343,Shannah Cutteridge,4600,4,False,
344,Fidole von Hagt,5800,8,True,In hac habitasse platea dictumst. Aliquam augue quam, sollicitudin vitae, consectetuer eget, rutrum at, lorem.
345,Dody McBrier,3200,0,False,
346,Stanleigh Kimmince,4600,4,True,
347,Adolpho Kmicicki,4600,4,False,
348,Lyndsie Girke,4400,3,True,
349,Spense Van Zon,4600,4,True,Duis bibendum, felis sed interdum venenatis, turpis enim blandit mi, in porttitor pede justo eu massa. Donec dapibus. Duis at velit eu est congue elementum.
350,Pepe Scottini,5000,4,True,Curabitur at ipsum ac tellus semper interdum. Mauris ullamcorper purus sit amet nulla.
351,Chandal Yanuk,4200,3,True,Donec odio justo, sollicitudin ut, suscipit a, feugiat et, eros. Vestibulum ac est lacinia nisi venenatis tristique. Fusce congue, diam id ornare imperdiet, sapien urna pretium nisl, ut volutpat sapien arcu sed augue.
352,Chet Sedgefield,3600,1,False,
353,Othello Frontczak,4200,2,True,Maecenas leo odio, condimentum id, luctus nec, molestie sed, justo.
354,Nicky Dorant,4400,4,False,
355,Cam McCaw,4200,4,True,Nullam molestie nibh in lectus.
356,Grier Opfer,3200,0,False,In est risus, auctor sed, tristique in, tempus sit amet, sem.
357,Harper Patey,4600,5,False,In eleifend quam a odio. In hac habitasse platea dictumst.
358,Henry Tomsett,3800,3,True,
359,Irena Blazewicz,3800,2,True,Etiam vel augue.
360,Bryn Pillifant,4600,4,False,In blandit ultrices enim.
361,Clem Lohrensen,5400,7,True,
362,Shelbi Jewiss,4200,3,False,
363,Verina McNess,3800,3,False,Vestibulum quam sapien, varius ut, blandit non, interdum in, ante. Vestibulum ante ipsum primis in faucibus orci luctus et ultrices posuere cubilia Curae; Duis faucibus accumsan odio.
364,Gibbie Negus,3400,1,False,
365,Monah Faucett,4600,5,False,
366,Conny Pott,3800,1,False,Vestibulum sed magna at nunc commodo placerat.
367,Camile Abrehart,3800,2,False,Ut tellus. Nulla ut erat id mauris vulputate elementum. Nullam varius.
368,Erin Hobell,3400,1,False,
369,Fara Reis,4000,3,True,
370,Katey Campsall,4000,3,True,Duis at velit eu est congue elementum. In hac habitasse platea dictumst.
371,Sloane Tomet,3400,1,False,
372,Kikelia Davern,5400,7,True,Vestibulum ante ipsum primis in faucibus orci luctus et ultrices posuere cubilia Curae; Duis faucibus accumsan odio. Curabitur convallis. Duis consequat dui nec nisi volutpat eleifend.
373,Mireielle Harold,4200,4,False,
374,Claude Nolder,4600,4,True,Morbi ut odio.
375,Gardener Crosfeld,5200,6,False,Aenean fermentum. Donec ut mauris eget massa tempor convallis. Nulla neque libero, convallis eget, eleifend luctus, ultricies eu, nibh.
376,Lorain Ridout,5200,6,False,Aenean sit amet justo. Morbi ut odio. Cras mi pede, malesuada in, imperdiet et, commodo vulputate, justo.
377,Daisi Osban,3800,3,True,
378,Ladonna Render,5000,6,True,Nunc purus. Phasellus in felis. Donec semper sapien a libero.
379,Cherilynn Lathleiff,4600,4,False,Lorem ipsum dolor sit amet, consectetuer adipiscing elit. Proin risus. Praesent lectus.
380,Robbyn Casson,3800,2,False,Curabitur convallis.
381,Rorke Pocock,3400,0,True,Maecenas tincidunt lacus at velit. Vivamus vel nulla eget eros elementum pellentesque.
382,Anabelle Gook,4600,5,True,Nullam porttitor lacus at turpis. Donec posuere metus vitae ipsum.
383,Perrine Matantsev,4200,3,True,Cum sociis natoque penatibus et magnis dis parturient montes, nascetur ridiculus mus. Vivamus vestibulum sagittis sapien. Cum sociis natoque penatibus et magnis dis parturient montes, nascetur ridiculus mus.
384,Perry McGuffie,3800,1,False,Nunc nisl.
385,Maryrose Swainsbury,3800,2,False,Vivamus vestibulum sagittis sapien. Cum sociis natoque penatibus et magnis dis parturient montes, nascetur ridiculus mus. Etiam vel augue.
386,Marcello Girke,4400,4,True,Duis ac nibh. Fusce lacus purus, aliquet at, feugiat non, pretium quis, lectus. Suspendisse potenti.
387,Brandi Stayte,3800,2,True,Suspendisse ornare consequat lectus. In est risus, auctor sed, tristique in, tempus sit amet, sem.
388,Berget Neising,4600,4,True,In hac habitasse platea dictumst. Morbi vestibulum, velit id pretium iaculis, diam erat fermentum justo, nec condimentum neque sapien placerat ante.
389,Neel Tomala,5000,6,True,Vestibulum ante ipsum primis in faucibus orci luctus et ultrices posuere cubilia Curae; Nulla dapibus dolor vel est. Donec odio justo, sollicitudin ut, suscipit a, feugiat et, eros. Vestibulum ac est lacinia nisi venenatis tristique.
390,Gusti Hartle,4600,3,True,Phasellus sit amet erat. Nulla tempus. Vivamus in felis eu sapien cursus vestibulum.
391,Sidonia Scotchbrook,4800,5,True,
392,Elizabet Childrens,3200,0,False,Nam ultrices, libero non mattis pulvinar, nulla pede ullamcorper augue, a suscipit nulla elit ac nulla. Sed vel enim sit amet nunc viverra dapibus. Nulla suscipit ligula in lacus.
393,Rosanna Vivers,5600,7,False,
394,Valera Mc-Kerley,3400,1,False,
395,Alfonse Jiroudek,4600,4,False,Nunc rhoncus dui vel sem.
396,Renate Rottenbury,4000,3,True,Integer pede justo, lacinia eget, tincidunt eget, tempus vel, pede. Morbi porttitor lorem id ligula.
397,Grange Pennigar,4600,5,False,
398,Pearle Pudden,4200,4,True,Pellentesque at nulla. Suspendisse potenti. Cras in purus eu magna vulputate luctus.
399,Krista Furmage,4800,5,True,Morbi non lectus. Aliquam sit amet diam in magna bibendum imperdiet.
401,Kiley Duce,3400,1,True,Pellentesque at nulla. Suspendisse potenti. Cras in purus eu magna vulputate luctus.
402,Cass Amberg,3800,2,True,
403,Tito Edwardson,3800,2,True,Maecenas leo odio, condimentum id, luctus nec, molestie sed, justo. Pellentesque viverra pede ac diam. Cras pellentesque volutpat dui.
404,Antonio Eaken,3400,1,False,Quisque porta volutpat erat. Quisque erat eros, viverra eget, congue eget, semper rutrum, nulla.
405,Rosella Pickard,4200,3,False,In sagittis dui vel nisl. Duis ac nibh.
406,Bengt Copelli,4200,2,True,
407,Alfonso Cordelle,5000,5,True,Donec ut mauris eget massa tempor convallis.
408,Wilfrid Van T'Hoog,3400,1,False,Integer ac neque. Duis bibendum. Morbi non quam nec dui luctus rutrum.
409,Giavani Bradnick,3400,1,True,Vivamus tortor. Duis mattis egestas metus. Aenean fermentum.
410,Colby Zink,3800,2,False,Etiam pretium iaculis justo. In hac habitasse platea dictumst. Etiam faucibus cursus urna.
411,Elnora Mackneis,4600,4,True,
412,Leslie Lambotin,5800,7,True,Proin eu mi. Nulla ac enim. In tempor, turpis nec euismod scelerisque, quam turpis adipiscing lorem, vitae mattis nibh ligula nec sem.
413,Ariadne Kollatsch,3800,2,False,
414,Les Bartolacci,3800,3,True,Sed sagittis. Nam congue, risus semper porta volutpat, quam pede lobortis ligula, sit amet eleifend pede libero quis orci. Nullam molestie nibh in lectus.
415,Dominic Younger,4200,3,False,
416,Jermain Whittam,4800,5,True,Nulla facilisi. Cras non velit nec nisi vulputate nonummy.
417,Blondie Verrick,3600,1,False,Cras pellentesque volutpat dui. Maecenas tristique, est et tempus semper, est quam pharetra magna, ac consequat metus sapien ut nunc. Vestibulum ante ipsum primis in faucibus orci luctus et ultrices posuere cubilia Curae; Mauris viverra diam vitae quam.
418,Dillon Molloy,3800,2,False,Donec ut mauris eget massa tempor convallis. Nulla neque libero, convallis eget, eleifend luctus, ultricies eu, nibh. Quisque id justo sit amet sapien dignissim vestibulum.
419,Phil Lewis,4200,4,False,Fusce posuere felis sed lacus. Morbi sem mauris, laoreet ut, rhoncus aliquet, pulvinar sed, nisl.
420,Brynna Parysiak,4200,2,True,Integer tincidunt ante vel ipsum. Praesent blandit lacinia erat. Vestibulum sed magna at nunc commodo placerat.
421,Dorey Stern,3400,0,True,Praesent lectus.
422,Corinne Gerwood,4600,4,True,
423,Elston Tal,3800,2,False,
424,Randal Goosnell,4800,5,True,Donec semper sapien a libero. Nam dui. Proin leo odio, porttitor id, consequat in, consequat ut, nulla.
425,Bartholemy Mealing,3400,1,True,
426,Heidi Godlip,3400,0,True,
427,Marni Bwye,3400,1,False,Vivamus in felis eu sapien cursus vestibulum.
428,Babb Pandie,3800,2,False,
429,Lorrie Bedboro,4000,3,False,Morbi quis tortor id nulla ultrices aliquet.
430,Maren Reddell,4400,4,True,
431,Cary Goymer,3800,2,False,
432,Conney O'Lyhane,3400,1,False,Praesent id massa id nisl venenatis lacinia.
433,Lorita Rosenkrantz,4800,5,True,
434,Kynthia Rubbert,3400,1,True,
435,Deerdre Stanistreet,4400,3,True,Cras in purus eu magna vulputate luctus. Cum sociis natoque penatibus et magnis dis parturient montes, nascetur ridiculus mus. Vivamus vestibulum sagittis sapien.
436,Colan Giraudou,4200,3,True,Phasellus in felis. Donec semper sapien a libero. Nam dui.
437,Randell Yvon,4800,4,False,Morbi sem mauris, laoreet ut, rhoncus aliquet, pulvinar sed, nisl. Nunc rhoncus dui vel sem. Sed sagittis.
438,Calley Aitkenhead,4600,5,True,Maecenas ut massa quis augue luctus tincidunt.
439,Christoph Gierth,4800,5,True,Suspendisse potenti. Nullam porttitor lacus at turpis. Donec posuere metus vitae ipsum.
440,Aurea Hovell,4600,5,True,
441,Marsiella Kilshaw,3400,0,True,Pellentesque at nulla.
442,Alane Withrington,3800,3,True,Cras in purus eu magna vulputate luctus. Cum sociis natoque penatibus et magnis dis parturient montes, nascetur ridiculus mus.
443,Elaine Routley,5000,6,True,Curabitur in libero ut massa volutpat convallis. Morbi odio odio, elementum eu, interdum eu, tincidunt in, leo. Maecenas pulvinar lobortis est.
444,Melly Deeman,3600,2,True,Praesent id massa id nisl venenatis lacinia. Aenean sit amet justo.
445,Enrico Medford,5000,5,False,
446,Anne-marie Aizikovich,3800,2,False,Vivamus in felis eu sapien cursus vestibulum. Proin eu mi. Nulla ac enim.
447,Debor Gerdes,5800,7,True,Nulla nisl.
448,Yankee Lenham,3800,1,True,In eleifend quam a odio.
449,Yance Cornish,4200,3,True,Duis aliquam convallis nunc. Proin at turpis a pede posuere nonummy.
450,Jeremiah Borrows,4200,4,True,Vestibulum rutrum rutrum neque.
451,Bella Heaslip,3200,0,True,Maecenas ut massa quis augue luctus tincidunt. Nulla mollis molestie lorem. Quisque ut erat.
452,Krishna Simeons,5000,6,False,
453,Georgine Vamplew,3400,1,True,Pellentesque eget nunc.
454,Dorothea Devigne,4600,4,True,
455,Laureen Banham,4200,3,False,Nulla ut erat id mauris vulputate elementum. Nullam varius. Nulla facilisi.
456,Jeno Jery,3200,0,True,
457,Dion Slark,4600,4,True,
458,Nickola Heijne,4000,3,False,Donec ut mauris eget massa tempor convallis. Nulla neque libero, convallis eget, eleifend luctus, ultricies eu, nibh.
459,Coralie Baldoni,4600,4,False,Quisque id justo sit amet sapien dignissim vestibulum.
460,Dorene Blannin,4800,4,False,
462,Susanetta Nuscha,3400,0,False,
463,Haily Paute,5200,5,False,Suspendisse potenti.
464,Darleen Meron,4600,4,False,
465,Leroy McCullen,3800,2,True,Fusce congue, diam id ornare imperdiet, sapien urna pretium nisl, ut volutpat sapien arcu sed augue.
466,Delainey Lulham,5200,5,False,Nullam molestie nibh in lectus.
467,Joycelin Jewkes,3800,2,False,
468,Astrix Ramelot,3800,1,False,Morbi vestibulum, velit id pretium iaculis, diam erat fermentum justo, nec condimentum neque sapien placerat ante. Nulla justo.
469,Trudie Baynom,4600,3,True,Duis consequat dui nec nisi volutpat eleifend. Donec ut dolor. Morbi vel lectus in quam fringilla rhoncus.
470,Annabel Brandrick,3800,1,True,
471,Neala Brickham,5000,5,False,Vestibulum rutrum rutrum neque.
472,Gustie Goldstone,5000,5,True,Nam dui.
473,Niall Milberry,3200,0,False,Aliquam non mauris. Morbi non lectus. Aliquam sit amet diam in magna bibendum imperdiet.
474,Rheta Brambley,5400,7,False,
475,Cob Winpenny,3600,1,True,Vivamus metus arcu, adipiscing molestie, hendrerit at, vulputate vitae, nisl. Aenean lectus. Pellentesque eget nunc.
476,Ode Smidmore,3400,1,True,Nulla tempus.
477,Hendrika Jerdon,4200,3,True,Curabitur gravida nisi at nibh. In hac habitasse platea dictumst. Aliquam augue quam, sollicitudin vitae, consectetuer eget, rutrum at, lorem.
478,Madalena Crawshaw,3800,2,True,Praesent blandit. Nam nulla. Integer pede justo, lacinia eget, tincidunt eget, tempus vel, pede.
479,Elna Signori,3800,1,True,
480,Desdemona Miliffe,4200,2,True,Nulla justo.
481,Brandie Tomet,4200,3,False,
482,Orran Goldsack,5000,5,False,Nullam varius. Nulla facilisi.
483,Thorsten Beggs,3400,0,False,
484,Nata Poel,3200,0,True,
485,Laurena Gilbey,3600,1,False,Duis consequat dui nec nisi volutpat eleifend. Donec ut dolor. Morbi vel lectus in quam fringilla rhoncus.
486,Roch Courtliff,3600,2,False,
487,Poppy Linsley,5000,5,True,Curabitur in libero ut massa volutpat convallis.
488,Hilly Raiman,3200,0,True,Nulla ut erat id mauris vulputate elementum.
489,Susi Luty,3600,1,True,Mauris lacinia sapien quis libero. Nullam sit amet turpis elementum ligula vehicula consequat. Morbi a ipsum.
491,Bernice Boissier,4400,3,True,Nullam sit amet turpis elementum ligula vehicula consequat.
492,Damara Bearne,4800,5,False,Duis ac nibh. Fusce lacus purus, aliquet at, feugiat non, pretium quis, lectus. Suspendisse potenti.
493,Julina Westney,4200,4,True,
494,Asa Cogley,4000,3,True,Quisque ut erat.
495,Annabel Davenhill,4200,3,True,Vestibulum quam sapien, varius ut, blandit non, interdum in, ante. Vestibulum ante ipsum primis in faucibus orci luctus et ultrices posuere cubilia Curae; Duis faucibus accumsan odio. Curabitur convallis.
496,Christen Laslett,3800,3,True,
497,Benetta Greenway,3800,2,False,Morbi ut odio. Cras mi pede, malesuada in, imperdiet et, commodo vulputate, justo. In blandit ultrices enim.
498,Richy Collcott,3800,2,True,
499,Tirrell Baxandall,4000,2,True,
500,Gary Sillwood,3400,0,False,Morbi quis tortor id nulla ultrices aliquet.
511,Mr Money,10000,1,True,
512,Eetu Laine,8948,0,True,Pist siit sit viis piispist
513,Martti Tuisku,10000,10,True,
514,Martti Tuisku,10000,10,True,että
515,heta,9015,0,True,
516,Johanna Eränkö Hyytinen,3500,0,True,
517,-aki,3200,0,True,yesyes
518,JoutilasDevaaja,3200,0,True,Hyväntuulinen rohkelikko
519,Christian Keihäs,8136,0,True,Nasty golf swing
520,Janne,3651,0,True,
